-- phpMyAdmin SQL Dump
-- version 4.8.3
-- https://www.phpmyadmin.net/
--
-- Host: 127.0.0.1
-- Czas generowania: 10 Sty 2020, 21:11
-- Wersja serwera: 10.1.37-MariaDB
-- Wersja PHP: 7.2.12

SET SQL_MODE = "NO_AUTO_VALUE_ON_ZERO";
SET AUTOCOMMIT = 0;
START TRANSACTION;
SET time_zone = "+00:00";


/*!40101 SET @OLD_CHARACTER_SET_CLIENT=@@CHARACTER_SET_CLIENT */;
/*!40101 SET @OLD_CHARACTER_SET_RESULTS=@@CHARACTER_SET_RESULTS */;
/*!40101 SET @OLD_COLLATION_CONNECTION=@@COLLATION_CONNECTION */;
/*!40101 SET NAMES utf8mb4 */;

--
-- Baza danych: `projekt_it`
--

-- --------------------------------------------------------

--
-- Struktura tabeli dla tabeli `bmp180`
--

CREATE TABLE `bmp180` (
  `ID` bigint(20) NOT NULL,
  `humidity_bmp` float DEFAULT NULL,
  `temperature_bmp` float DEFAULT NULL,
  `date` timestamp NOT NULL DEFAULT CURRENT_TIMESTAMP,
  `user_id` int(11) NOT NULL DEFAULT '18'
) ENGINE=InnoDB DEFAULT CHARSET=utf8 COLLATE=utf8_polish_ci;

--
-- Zrzut danych tabeli `bmp180`
--

INSERT INTO `bmp180` (`ID`, `humidity_bmp`, `temperature_bmp`, `date`, `user_id`) VALUES
(32, 987, 24.3, '2019-11-22 23:09:08', 18),
(33, 987, 24.3, '2019-11-22 23:09:46', 18),
(34, 987, 24, '2019-11-22 23:10:24', 18),
(35, 987, 23.8, '2019-11-22 23:11:02', 18),
(36, 987, 23.8, '2019-11-22 23:11:40', 18),
(37, 987, 23.7, '2019-11-22 23:12:17', 18),
(38, 987, 23.7, '2019-11-22 23:12:55', 18),
(39, 987, 23.6, '2019-11-22 23:13:33', 18),
(40, 987, 23.6, '2019-11-22 23:14:11', 18),
(41, 987, 23.7, '2019-11-22 23:14:49', 18),
(42, 984, 23.4, '2019-11-24 23:54:51', 18),
(43, 984, 22.7, '2019-11-24 23:55:29', 18),
(44, 984, 22.3, '2019-11-24 23:56:07', 18),
(45, 984, 22.1, '2019-11-24 23:56:45', 18),
(46, 984, 22, '2019-11-24 23:57:23', 18),
(47, 984, 22, '2019-11-24 23:58:01', 18),
(48, 984, 21.9, '2019-11-24 23:58:39', 18),
(49, 984, 21.9, '2019-11-24 23:59:17', 18),
(50, 984, 21.8, '2019-11-24 23:59:55', 18),
(51, 984, 21.8, '2019-11-25 00:00:32', 18),
(52, 984, 21.9, '2019-11-25 00:01:10', 18),
(53, 984, 21.9, '2019-11-25 00:01:48', 18),
(54, 984, 22.1, '2019-11-25 00:27:23', 18),
(55, 984, 22.1, '2019-11-25 00:28:01', 18),
(56, 984, 21.9, '2019-11-25 00:30:31', 18),
(57, 984, 22, '2019-11-25 00:31:09', 18),
(58, 2, 0, '2019-11-25 08:34:29', 18),
(59, 2, 0, '2019-11-25 08:35:07', 18),
(60, 2, 0, '2019-11-25 08:35:45', 18),
(61, 2, 0, '2019-11-25 08:36:23', 18),
(62, 2, 0, '2019-11-25 08:37:01', 18),
(63, 2, 0, '2019-11-25 08:37:38', 18),
(64, 2, 0, '2019-11-25 08:38:16', 18),
(65, 2, 0, '2019-11-25 08:38:54', 18),
(66, 2, 0, '2019-11-25 08:39:32', 18),
(67, 2, 0, '2019-11-25 08:40:10', 18),
(68, 2, 0, '2019-11-25 08:40:48', 18),
(69, 2, 0, '2019-11-25 08:41:26', 18),
(70, 2, 0, '2019-11-25 08:42:04', 18),
(71, 2, 0, '2019-11-25 08:42:41', 18),
(72, 2, 0, '2019-11-25 08:43:19', 18),
(73, 2, 0, '2019-11-25 08:43:57', 18),
(74, 2, 0, '2019-11-25 08:44:35', 18),
(75, 989, 20.6, '2019-11-25 16:27:45', 18),
(76, 989, 20.9, '2019-11-25 16:28:23', 18),
(77, 989, 45.2, '2019-11-25 16:29:17', 18),
(78, 989, 21.5, '2019-11-25 16:29:55', 18),
(79, 989, 21.3, '2019-11-25 16:30:33', 18),
(80, 989, 21.3, '2019-11-25 16:31:10', 18),
(81, 989, 21.1, '2019-11-25 16:31:48', 18),
(82, 989, 21.1, '2019-11-25 16:32:26', 18),
(83, 989, 21, '2019-11-25 16:33:04', 18),
(84, 989, 21, '2019-11-25 16:33:42', 18),
(85, 989, 20.9, '2019-11-25 16:34:20', 18),
(86, 989, 20.9, '2019-11-25 16:34:58', 18),
(87, 989, 20.8, '2019-11-25 16:35:36', 18),
(88, 989, 21, '2019-11-25 16:36:14', 18),
(89, 989, 21, '2019-11-25 16:36:51', 18),
(90, 989, 21.1, '2019-11-25 16:37:29', 18),
(91, 989, 21, '2019-11-25 16:38:07', 18),
(92, 989, 21.1, '2019-11-25 16:38:45', 18),
(93, 989, 21.1, '2019-11-25 16:39:23', 18),
(94, 989, 21.2, '2019-11-25 16:40:01', 18),
(95, 989, 21.3, '2019-11-25 16:40:39', 18),
(96, 989, 21.2, '2019-11-25 16:41:17', 18),
(97, 989, 21.1, '2019-11-25 16:41:55', 18),
(98, 989, 21, '2019-11-25 16:42:32', 18),
(99, 989, 20.8, '2019-11-25 16:43:10', 18),
(100, 989, 20.7, '2019-11-25 16:43:48', 18),
(101, 989, 20.6, '2019-11-25 16:44:26', 18),
(102, 989, 20.6, '2019-11-25 16:45:04', 18),
(103, 989, 20.7, '2019-11-25 16:45:42', 18),
(104, 989, 20.7, '2019-11-25 16:46:20', 18),
(105, 989, 20.7, '2019-11-25 16:46:58', 18),
(106, 989, 20.6, '2019-11-25 16:47:36', 18),
(107, 989, 20.6, '2019-11-25 16:48:13', 18),
(108, 989, 20.6, '2019-11-25 16:48:51', 18),
(109, 989, 20.6, '2019-11-25 16:49:29', 18),
(110, 989, 20.6, '2019-11-25 16:50:07', 18),
(111, 989, 20.5, '2019-11-25 16:50:45', 18),
(112, 989, 20.5, '2019-11-25 16:51:23', 18),
(113, 989, 20.9, '2019-11-25 16:52:01', 18),
(114, 989, 20.9, '2019-11-25 16:52:39', 18),
(115, 989, 20.9, '2019-11-25 16:53:17', 18),
(116, 989, 20.9, '2019-11-25 16:53:54', 18),
(117, 989, 20.8, '2019-11-25 16:54:32', 18),
(118, 989, 20.8, '2019-11-25 16:55:10', 18),
(119, 963, 24.2, '2019-12-13 21:11:53', 18),
(120, 963, 24.1, '2019-12-13 21:12:31', 18),
(121, 963, 24, '2019-12-13 21:13:08', 18),
(122, 963, 23.9, '2019-12-13 21:13:46', 18),
(123, 963, 23.8, '2019-12-13 21:14:24', 18),
(124, 963, 23.8, '2019-12-13 21:15:02', 18),
(125, 963, 23.7, '2019-12-13 21:15:42', 18),
(126, 963, 24, '2019-12-13 21:16:20', 18),
(127, 963, 24.1, '2019-12-13 21:16:58', 18),
(128, 963, 24.2, '2019-12-13 21:17:36', 18),
(129, 963, 24.2, '2019-12-13 21:18:14', 18),
(130, 963, 24.3, '2019-12-13 21:18:52', 18),
(131, 963, 24.2, '2019-12-13 21:19:29', 18),
(132, 963, 24.3, '2019-12-13 21:20:07', 18),
(133, 963, 24.3, '2019-12-13 21:20:45', 18),
(134, 963, 24.3, '2019-12-13 21:21:23', 18),
(135, 963, 24.3, '2019-12-13 21:22:01', 18),
(136, 963, 24.2, '2019-12-13 21:22:39', 18),
(137, 963, 24.4, '2019-12-13 21:23:17', 18),
(138, 963, 24.3, '2019-12-13 21:23:55', 18),
(139, 963, 24.4, '2019-12-13 21:24:33', 18),
(140, 963, 24.4, '2019-12-13 21:25:11', 18),
(141, 963, 24.5, '2019-12-13 21:25:48', 18),
(142, 963, 24.4, '2019-12-13 21:26:26', 18),
(143, 964, 24.7, '2019-12-14 00:21:23', 18),
(144, 964, 24.7, '2019-12-14 00:22:01', 18),
(145, 964, 24.7, '2019-12-14 00:22:39', 18),
(146, 964, 24.8, '2019-12-14 00:23:17', 18),
(147, 964, 24.7, '2019-12-14 00:42:45', 18),
(148, 964, 24.8, '2019-12-14 00:43:23', 18),
(149, 964, 24.9, '2019-12-14 00:44:01', 18),
(150, 966, 21.6, '2019-12-14 13:18:59', 18),
(151, 966, 21.8, '2019-12-14 13:19:59', 18),
(152, 966, 22.1, '2019-12-14 13:21:00', 18),
(153, 966, 21.9, '2019-12-14 13:21:50', 18),
(154, 966, 22, '2019-12-14 13:22:27', 18),
(155, 966, 22.1, '2019-12-14 13:23:05', 18),
(156, 966, 22.2, '2019-12-14 13:23:43', 18),
(157, 966, 22.3, '2019-12-14 13:24:21', 18),
(158, 966, 22.8, '2019-12-14 13:26:44', 18),
(159, 966, 22.7, '2019-12-14 13:27:45', 18),
(160, 966, 22.9, '2019-12-14 13:28:45', 18),
(161, 966, 23.1, '2019-12-14 13:29:45', 18),
(162, 966, 23.2, '2019-12-14 13:31:36', 18),
(163, 966, 23.3, '2019-12-14 13:32:36', 18),
(164, 966, 23.4, '2019-12-14 13:34:51', 18),
(165, 966, 23.4, '2019-12-14 13:35:51', 18),
(166, 966, 23.5, '2019-12-14 13:36:52', 18),
(167, 966, 23.9, '2019-12-14 14:25:59', 18),
(168, 966, 23.9, '2019-12-14 14:26:25', 18),
(169, 966, 23.8, '2019-12-14 14:26:51', 18),
(170, 966, 23.7, '2019-12-14 14:27:17', 18),
(171, 966, 23.7, '2019-12-14 14:27:43', 18),
(172, 966, 23.7, '2019-12-14 14:28:09', 18),
(173, 966, 23.7, '2019-12-14 14:28:34', 18),
(174, 966, 23.7, '2019-12-14 14:29:00', 18),
(175, 966, 23.8, '2019-12-14 14:29:26', 18),
(176, 966, 23.8, '2019-12-14 14:29:52', 18),
(177, 966, 23.7, '2019-12-14 14:30:18', 18),
(178, 966, 23.7, '2019-12-14 14:30:44', 18),
(179, 966, 23.8, '2019-12-14 14:31:09', 18),
(180, 966, 23.8, '2019-12-14 14:31:35', 18),
(181, 966, 23.8, '2019-12-14 14:32:01', 18),
(182, 966, 23.8, '2019-12-14 14:32:27', 18),
(183, 966, 23.8, '2019-12-14 14:32:53', 18),
(184, 966, 23.8, '2019-12-14 14:33:18', 18),
(185, 966, 23.8, '2019-12-14 14:33:44', 18),
(186, 966, 23.8, '2019-12-14 14:34:10', 18),
(187, 966, 23.8, '2019-12-14 14:34:36', 18),
(188, 966, 24, '2019-12-14 14:34:55', 18),
(189, 966, 23.8, '2019-12-14 14:35:21', 18),
(190, 966, 23.8, '2019-12-14 14:35:47', 18),
(191, 966, 23.8, '2019-12-14 14:36:13', 18),
(192, 966, 23.8, '2019-12-14 14:36:39', 18),
(193, 966, 23.8, '2019-12-14 14:37:04', 18),
(194, 966, 24, '2019-12-14 14:37:32', 18),
(195, 966, 24, '2019-12-14 14:38:06', 18),
(196, 966, 23.8, '2019-12-14 14:38:45', 18),
(197, 966, 23.8, '2019-12-14 14:39:19', 18),
(198, 966, 23.8, '2019-12-14 14:39:35', 18),
(199, 966, 23.8, '2019-12-14 14:40:01', 18),
(200, 966, 23.8, '2019-12-14 14:40:26', 18),
(201, 966, 23.7, '2019-12-14 14:40:51', 18),
(202, 966, 23.8, '2019-12-14 14:41:16', 18),
(203, 966, 23.7, '2019-12-14 14:41:42', 18),
(204, 966, 23.9, '2019-12-14 14:42:19', 18),
(205, 966, 24, '2019-12-14 14:43:22', 18),
(206, 966, 23.9, '2019-12-14 14:43:55', 18),
(207, 969, 24.3, '2019-12-14 16:40:36', 18),
(208, 969, 24.3, '2019-12-14 16:41:14', 18),
(209, 969, 24.3, '2019-12-14 16:42:10', 18),
(210, 969, 24.2, '2019-12-14 16:42:48', 18),
(211, 969, 24.2, '2019-12-14 16:43:26', 18),
(212, 969, 24.1, '2019-12-14 16:44:04', 18),
(213, 969, 24.1, '2019-12-14 16:44:42', 18),
(214, 969, 24.1, '2019-12-14 16:45:20', 18),
(215, 969, 24.4, '2019-12-14 16:47:54', 18),
(216, 971, 23.9, '2019-12-14 18:14:28', 18),
(217, 971, 23.8, '2019-12-14 18:15:06', 18),
(218, 971, 23.8, '2019-12-14 18:15:44', 18),
(219, 971, 23.8, '2019-12-14 18:16:21', 18),
(220, 971, 23.8, '2019-12-14 18:16:59', 18),
(221, 971, 23.8, '2019-12-14 18:17:37', 18),
(222, 971, 23.8, '2019-12-14 18:18:33', 18),
(223, 971, 23.8, '2019-12-14 18:19:10', 18),
(224, 972, 23, '2019-12-14 18:54:22', 18),
(225, 972, 23.1, '2019-12-14 18:55:00', 18),
(226, 972, 23.1, '2019-12-14 18:55:36', 18),
(227, 972, 23.4, '2019-12-14 18:56:12', 18),
(228, 972, 23.6, '2019-12-14 18:56:49', 18),
(229, 972, 23.5, '2019-12-14 18:57:27', 18),
(230, 972, 23.5, '2019-12-14 18:58:05', 18),
(231, 972, 23.4, '2019-12-14 18:58:42', 18),
(232, 972, 23.3, '2019-12-14 18:59:22', 18),
(233, 979, 22.4, '2019-12-15 17:36:21', 18),
(234, 979, 22.4, '2019-12-15 17:36:58', 18),
(235, 979, 22.4, '2019-12-15 17:37:36', 18),
(236, 979, 22.4, '2019-12-15 17:38:14', 18),
(237, 979, 22.5, '2019-12-15 17:38:51', 18),
(238, 979, 22.5, '2019-12-15 17:39:29', 18),
(239, 979, 22.5, '2019-12-15 17:40:07', 18),
(240, 979, 22.6, '2019-12-15 17:41:05', 18),
(241, 979, 22.7, '2019-12-15 17:41:42', 18),
(242, 979, 22.8, '2019-12-15 17:42:20', 18),
(243, 979, 22.8, '2019-12-15 17:42:58', 18),
(244, 979, 22.8, '2019-12-15 17:43:35', 18),
(245, 979, 22.8, '2019-12-15 17:44:13', 18),
(246, 979, 22.8, '2019-12-15 17:44:51', 18),
(247, 979, 22.8, '2019-12-15 17:45:28', 18),
(248, 979, 22.8, '2019-12-15 17:46:06', 18),
(249, 979, 22.9, '2019-12-15 17:46:44', 18),
(250, 979, 22.9, '2019-12-15 17:47:21', 18),
(251, 979, 22.9, '2019-12-15 17:47:59', 18),
(252, 980, 22.9, '2019-12-15 17:49:08', 18),
(253, 980, 22.9, '2019-12-15 17:49:33', 18),
(254, 979, 22.9, '2019-12-15 17:49:58', 18),
(255, 980, 22.9, '2019-12-15 17:50:23', 18),
(256, 980, 22.9, '2019-12-15 17:50:49', 18),
(257, 980, 22.9, '2019-12-15 17:51:14', 18),
(258, 980, 22.9, '2019-12-15 17:51:39', 18),
(259, 980, 22.9, '2019-12-15 17:52:04', 18),
(260, 979, 22.9, '2019-12-15 17:52:29', 18),
(261, 980, 22.9, '2019-12-15 17:52:54', 18),
(262, 980, 23, '2019-12-15 17:53:19', 18),
(263, 980, 22.9, '2019-12-15 17:53:44', 18),
(264, 980, 22.9, '2019-12-15 17:54:09', 18),
(265, 980, 23.1, '2019-12-15 17:55:52', 18),
(266, 980, 23.2, '2019-12-15 17:56:53', 18),
(267, 980, 23.2, '2019-12-15 17:57:54', 18),
(268, 980, 23.3, '2019-12-15 17:58:55', 18),
(269, 980, 23.3, '2019-12-15 17:59:56', 18),
(270, 980, 23.4, '2019-12-15 18:00:57', 18),
(271, 980, 23.2, '2019-12-15 18:03:19', 18),
(272, 980, 23.2, '2019-12-15 18:04:20', 18),
(273, 980, 23.3, '2019-12-15 18:05:21', 18),
(274, 980, 23.3, '2019-12-15 18:06:22', 18),
(275, 980, 23.3, '2019-12-15 18:07:23', 18),
(276, 980, 23.3, '2019-12-15 18:08:24', 18),
(277, 980, 23.3, '2019-12-15 18:09:25', 18),
(278, 980, 23.4, '2019-12-15 18:10:26', 18),
(279, 980, 23.3, '2019-12-15 18:11:27', 18),
(280, 980, 23.3, '2019-12-15 18:24:09', 18),
(281, 980, 23.3, '2019-12-15 18:25:10', 18),
(282, 980, 23.3, '2019-12-15 18:26:11', 18),
(283, 980, 23.1, '2019-12-15 18:27:12', 18),
(284, 980, 22.4, '2019-12-15 18:28:13', 18),
(285, 980, 22, '2019-12-15 18:29:14', 18),
(286, 980, 21.9, '2019-12-15 18:30:15', 18),
(287, 980, 21.8, '2019-12-15 18:31:16', 18),
(288, 980, 21.5, '2019-12-15 18:32:17', 18),
(289, 980, 21.3, '2019-12-15 18:33:18', 18),
(290, 980, 21.2, '2019-12-15 18:34:19', 18),
(291, 980, 21.2, '2019-12-15 18:35:20', 18),
(292, 980, 21.3, '2019-12-15 18:36:21', 18),
(293, 980, 21.6, '2019-12-15 18:37:22', 18),
(294, 980, 21.4, '2019-12-15 18:38:23', 18),
(295, 980, 21.5, '2019-12-15 18:39:24', 18),
(296, 980, 21.7, '2019-12-15 18:40:25', 18),
(297, 980, 22, '2019-12-15 18:41:26', 18),
(298, 980, 22.4, '2019-12-15 18:42:27', 18),
(299, 980, 22.7, '2019-12-15 18:44:17', 18),
(300, 980, 22.9, '2019-12-15 18:45:18', 18),
(301, 980, 23, '2019-12-15 18:46:19', 18),
(302, 980, 23.1, '2019-12-15 18:47:20', 18),
(303, 980, 23.3, '2019-12-15 18:48:21', 18),
(304, 983, 23.3, '2019-12-15 21:32:53', 18),
(305, 983, 23.4, '2019-12-15 21:33:54', 18),
(306, 983, 23.4, '2019-12-15 21:34:55', 18),
(307, 983, 23.5, '2019-12-15 21:35:56', 18),
(308, 983, 23.6, '2019-12-15 21:36:57', 18),
(309, 983, 23.7, '2019-12-15 21:37:58', 18),
(310, 983, 23.7, '2019-12-15 21:38:59', 18),
(311, 983, 23.7, '2019-12-15 21:40:00', 18),
(312, 983, 23.6, '2019-12-15 21:49:49', 18),
(313, 983, 23.6, '2019-12-15 21:50:50', 18),
(314, 983, 23.7, '2019-12-15 21:51:51', 18),
(315, 983, 23.8, '2019-12-15 21:54:27', 18),
(316, 983, 23.8, '2019-12-15 21:55:29', 18),
(317, 983, 23.8, '2019-12-15 21:56:30', 18),
(318, 983, 23.8, '2019-12-15 21:58:01', 18),
(319, 983, 23.9, '2019-12-15 21:59:03', 18),
(320, 983, 23.9, '2019-12-15 22:00:04', 18),
(321, 983, 24, '2019-12-15 22:01:05', 18),
(322, 983, 23.9, '2019-12-15 22:03:43', 18),
(323, 983, 24, '2019-12-15 22:04:43', 18),
(324, 983, 24, '2019-12-15 22:05:44', 18),
(325, 983, 24, '2019-12-15 22:06:45', 18),
(326, 983, 24, '2019-12-15 22:08:47', 18),
(327, 983, 24, '2019-12-15 22:09:48', 18),
(328, 983, 24, '2019-12-15 22:11:18', 18),
(329, 983, 24.1, '2019-12-15 22:12:58', 18),
(330, 983, 24.1, '2019-12-15 22:16:43', 18),
(331, 983, 24.1, '2019-12-15 22:17:45', 18),
(332, 983, 24.1, '2019-12-15 22:18:46', 18),
(333, 983, 24.1, '2019-12-15 22:19:47', 18),
(334, 983, 24.2, '2019-12-15 22:20:48', 18),
(335, 983, 24.1, '2019-12-15 22:21:49', 18),
(336, 983, 24.1, '2019-12-15 22:22:50', 18),
(337, 983, 24.1, '2019-12-15 22:23:51', 18),
(338, 984, 23.5, '2019-12-15 22:43:15', 18),
(339, 984, 23.6, '2019-12-15 22:45:05', 18),
(340, 984, 23.7, '2019-12-15 22:47:05', 18),
(341, 984, 23.8, '2019-12-15 22:48:06', 18),
(342, 984, 23.9, '2019-12-15 22:49:07', 18),
(343, 984, 23.9, '2019-12-15 22:50:08', 18),
(344, 984, 23.5, '2019-12-15 23:17:03', 18),
(345, 984, 23.5, '2019-12-15 23:18:07', 18),
(346, 984, 23.5, '2019-12-15 23:19:08', 18),
(347, 984, 23.7, '2019-12-15 23:20:09', 18),
(348, 984, 23.7, '2019-12-15 23:21:10', 18),
(349, 984, 23.7, '2019-12-15 23:22:11', 18),
(350, 984, 23.8, '2019-12-15 23:23:12', 18),
(351, 984, 23.8, '2019-12-15 23:24:13', 18),
(352, 984, 23.9, '2019-12-15 23:25:56', 18),
(353, 984, 23.9, '2019-12-15 23:26:57', 18),
(354, 984, 23.9, '2019-12-15 23:27:58', 18),
(355, 984, 23.9, '2019-12-15 23:28:59', 18),
(356, 984, 24, '2019-12-15 23:30:00', 18),
(357, 984, 23.9, '2019-12-15 23:31:43', 18),
(358, 984, 23.9, '2019-12-15 23:32:44', 18),
(359, 984, 24, '2019-12-15 23:33:45', 18),
(360, 984, 23.9, '2019-12-15 23:35:22', 18),
(361, 984, 24, '2019-12-15 23:36:23', 18),
(362, 984, 23.9, '2019-12-15 23:37:25', 18),
(363, 984, 23.9, '2019-12-15 23:38:26', 18),
(364, 984, 23.9, '2019-12-15 23:42:15', 18),
(365, 984, 23.9, '2019-12-15 23:43:16', 18),
(366, 984, 23.9, '2019-12-15 23:46:24', 18),
(367, 984, 23.9, '2019-12-15 23:47:25', 18),
(368, 984, 24, '2019-12-15 23:48:26', 18),
(369, 984, 23.9, '2019-12-15 23:55:00', 18),
(370, 984, 23.9, '2019-12-15 23:56:49', 18),
(371, 984, 23.9, '2019-12-15 23:57:50', 18),
(372, 984, 23.9, '2019-12-15 23:58:51', 18),
(373, 984, 24, '2019-12-15 23:59:52', 18),
(374, 984, 24, '2019-12-16 00:01:32', 18),
(375, 992, 24, '2019-12-16 10:18:00', 18),
(376, 992, 24.1, '2019-12-16 10:19:01', 18),
(377, 992, 24.2, '2019-12-16 10:20:02', 18),
(378, 997, 20, '2020-01-01 10:00:00', 18),
(379, 997, 20, '2020-01-01 10:00:00', 19),
(380, 999, 21, '2020-01-02 11:00:00', 18),
(381, 999, 21, '2020-01-02 11:00:00', 19),
(382, 1012, 22, '2020-01-03 12:00:00', 18),
(383, 998, 22, '2020-01-03 12:00:00', 19),
(384, 1014, 27, '2020-01-04 13:00:00', 18),
(385, 995, 27, '2020-01-04 13:00:00', 19),
(386, 1016, 28, '2020-01-05 14:00:00', 18),
(387, 994, 28, '2020-01-05 14:00:00', 19),
(388, 1014, 29, '2020-01-06 15:00:00', 18),
(389, 993, 29, '2020-01-06 15:00:00', 19),
(390, 999, 25, '2020-01-07 16:00:00', 18),
(391, 992, 25, '2020-01-07 16:00:00', 19),
(392, 997, 24, '2020-01-08 17:00:00', 18),
(393, 991, 24, '2020-01-08 17:00:00', 19),
(394, 998, 23, '2020-01-09 18:00:00', 18),
(395, 1011, 23, '2020-01-09 18:00:00', 19),
(396, 1010, 22, '2020-01-09 23:00:01', 18),
(397, 997, 22, '2020-01-09 23:00:01', 19),
(398, 1011, 23, '2020-01-10 00:00:00', 18),
(399, 997, 23, '2020-01-10 00:00:00', 19),
(400, 1009, 22, '2020-01-10 01:00:00', 18),
(401, 998, 22, '2020-01-10 01:00:00', 19),
(402, 1008, 22, '2020-01-10 02:00:00', 18),
(403, 999, 22, '2020-01-10 02:00:00', 19),
(404, 1009, 23, '2020-01-10 03:00:00', 18),
(405, 1001, 23, '2020-01-10 03:00:00', 19),
(406, 1010, 24, '2020-01-10 04:00:00', 18),
(407, 1003, 24, '2020-01-10 04:00:00', 19),
(408, 1011, 25, '2020-01-10 05:00:00', 18),
(409, 1001, 25, '2020-01-10 05:00:00', 19),
(410, 1012, 26, '2020-01-10 06:00:00', 18),
(411, 1000, 26, '2020-01-10 06:00:00', 19),
(412, 1013, 25, '2020-01-10 07:00:00', 18),
(413, 1002, 25, '2020-01-10 07:00:00', 19),
(414, 1015, 24, '2020-01-10 08:00:00', 18),
(415, 1001, 24, '2020-01-10 08:00:00', 19),
(416, 1014, 23, '2020-01-10 09:00:00', 18),
(417, 999, 23, '2020-01-10 09:00:00', 19),
(418, 1013, 24, '2020-01-10 10:00:00', 18),
(419, 998, 24, '2020-01-10 10:00:00', 19),
(420, 1013, 25, '2020-01-10 11:00:00', 18),
(421, 997, 25, '2020-01-10 11:00:00', 19),
(422, 1013, 26, '2020-01-10 12:00:00', 18),
(423, 995, 26, '2020-01-10 12:00:00', 19),
(424, 1016, 25, '2020-01-10 13:00:00', 18),
(425, 995, 25, '2020-01-10 13:00:00', 19),
(426, 1015, 24, '2020-01-10 14:00:00', 18),
(427, 995, 24, '2020-01-10 14:00:00', 19),
(428, 1014, 23, '2020-01-10 15:00:00', 18),
(429, 996, 23, '2020-01-10 15:00:00', 19),
(430, 1012, 23, '2020-01-10 16:00:00', 18),
(431, 997, 23, '2020-01-10 16:00:00', 19),
(432, 1011, 23, '2020-01-10 17:00:00', 18),
(433, 996, 23, '2020-01-10 17:00:00', 19),
(434, 1011, 23, '2020-01-10 18:00:00', 18),
(435, 997, 23, '2020-01-10 18:00:00', 19),
(436, 1010, 22, '2020-01-10 19:00:00', 18),
(437, 998, 22, '2020-01-10 19:00:00', 19),
(438, 1009, 23, '2020-01-10 20:00:00', 18),
(439, 995, 23, '2020-01-10 20:00:00', 19),
(440, 1009, 24, '2020-01-10 21:00:00', 18),
(441, 996, 24, '2020-01-10 21:00:00', 19),
(442, 1010, 25, '2020-01-10 22:00:00', 18),
(443, 997, 25, '2020-01-10 22:00:00', 19),
(444, 1011, 22, '2020-01-10 22:59:59', 18),
(445, 996, 22, '2020-01-10 22:59:59', 19);

-- --------------------------------------------------------

--
-- Struktura tabeli dla tabeli `dht11`
--

CREATE TABLE `dht11` (
  `ID` bigint(20) NOT NULL,
  `humidity` float DEFAULT NULL,
  `temperature` float DEFAULT NULL,
  `date` timestamp NOT NULL DEFAULT CURRENT_TIMESTAMP,
  `user_id` int(11) NOT NULL DEFAULT '18'
) ENGINE=InnoDB DEFAULT CHARSET=utf8 COLLATE=utf8_polish_ci;

--
-- Zrzut danych tabeli `dht11`
--

INSERT INTO `dht11` (`ID`, `humidity`, `temperature`, `date`, `user_id`) VALUES
(106, 42, 25, '2019-11-22 23:08:59', 18),
(107, 41, 25, '2019-11-22 23:09:36', 18),
(108, 41, 25, '2019-11-22 23:10:14', 18),
(109, 41, 25, '2019-11-22 23:10:52', 18),
(110, 41, 24, '2019-11-22 23:11:30', 18),
(111, 41, 25, '2019-11-22 23:12:08', 18),
(112, 41, 24, '2019-11-22 23:12:46', 18),
(113, 41, 24, '2019-11-22 23:13:24', 18),
(114, 41, 24, '2019-11-22 23:14:02', 18),
(115, 41, 25, '2019-11-22 23:14:40', 18),
(116, 48, 22, '2019-11-24 23:54:42', 18),
(117, 46, 21, '2019-11-24 23:55:20', 18),
(118, 48, 21, '2019-11-24 23:55:58', 18),
(119, 47, 22, '2019-11-24 23:56:36', 18),
(120, 46, 22, '2019-11-24 23:57:14', 18),
(121, 45, 22, '2019-11-24 23:57:51', 18),
(122, 45, 22, '2019-11-24 23:58:29', 18),
(123, 44, 22, '2019-11-24 23:59:07', 18),
(124, 44, 22, '2019-11-24 23:59:45', 18),
(125, 43, 22, '2019-11-25 00:00:23', 18),
(126, 43, 22, '2019-11-25 00:01:01', 18),
(127, 42, 22, '2019-11-25 00:01:39', 18),
(128, 39, 23, '2019-11-25 00:27:14', 18),
(129, 39, 23, '2019-11-25 00:27:52', 18),
(130, 38, 23, '2019-11-25 00:30:22', 18),
(131, 38, 24, '2019-11-25 00:31:00', 18),
(132, 37, 24, '2019-11-25 00:31:38', 18),
(133, 52, 17, '2019-11-25 08:34:20', 18),
(134, 52, 17, '2019-11-25 08:34:57', 18),
(135, 52, 18, '2019-11-25 08:35:35', 18),
(136, 51, 19, '2019-11-25 08:36:13', 18),
(137, 50, 19, '2019-11-25 08:36:51', 18),
(138, 49, 19, '2019-11-25 08:37:29', 18),
(139, 48, 20, '2019-11-25 08:38:07', 18),
(140, 48, 20, '2019-11-25 08:38:45', 18),
(141, 46, 20, '2019-11-25 08:39:23', 18),
(142, 46, 20, '2019-11-25 08:40:01', 18),
(143, 45, 20, '2019-11-25 08:40:38', 18),
(144, 45, 20, '2019-11-25 08:41:16', 18),
(145, 45, 20, '2019-11-25 08:41:54', 18),
(146, 45, 20, '2019-11-25 08:42:32', 18),
(147, 44, 20, '2019-11-25 08:43:10', 18),
(148, 44, 20, '2019-11-25 08:43:48', 18),
(149, 44, 20, '2019-11-25 08:44:26', 18),
(150, 51, 21, '2019-11-25 16:27:39', 18),
(151, 50, 21, '2019-11-25 16:28:14', 18),
(152, 53, 22, '2019-11-25 16:29:07', 18),
(153, 55, 21, '2019-11-25 16:29:45', 18),
(154, 51, 20, '2019-11-25 16:30:23', 18),
(155, 51, 20, '2019-11-25 16:31:01', 18),
(156, 51, 20, '2019-11-25 16:31:39', 18),
(157, 51, 20, '2019-11-25 16:32:17', 18),
(158, 51, 20, '2019-11-25 16:32:55', 18),
(159, 51, 20, '2019-11-25 16:33:33', 18),
(160, 51, 20, '2019-11-25 16:34:11', 18),
(161, 52, 21, '2019-11-25 16:34:48', 18),
(162, 51, 20, '2019-11-25 16:35:26', 18),
(163, 52, 21, '2019-11-25 16:36:04', 18),
(164, 52, 21, '2019-11-25 16:36:42', 18),
(165, 52, 21, '2019-11-25 16:37:20', 18),
(166, 52, 21, '2019-11-25 16:37:58', 18),
(167, 52, 21, '2019-11-25 16:38:36', 18),
(168, 52, 21, '2019-11-25 16:39:14', 18),
(169, 52, 21, '2019-11-25 16:39:52', 18),
(170, 52, 21, '2019-11-25 16:40:29', 18),
(171, 52, 21, '2019-11-25 16:41:07', 18),
(172, 52, 21, '2019-11-25 16:41:45', 18),
(173, 53, 22, '2019-11-25 16:42:23', 18),
(174, 52, 21, '2019-11-25 16:43:01', 18),
(175, 53, 22, '2019-11-25 16:43:39', 18),
(176, 52, 21, '2019-11-25 16:44:17', 18),
(177, 53, 22, '2019-11-25 16:44:55', 18),
(178, 52, 21, '2019-11-25 16:45:33', 18),
(179, 54, 22, '2019-11-25 16:46:10', 18),
(180, 53, 22, '2019-11-25 16:46:48', 18),
(181, 52, 22, '2019-11-25 16:47:26', 18),
(182, 52, 22, '2019-11-25 16:48:04', 18),
(183, 52, 22, '2019-11-25 16:48:42', 18),
(184, 52, 22, '2019-11-25 16:49:20', 18),
(185, 52, 22, '2019-11-25 16:49:58', 18),
(186, 52, 22, '2019-11-25 16:50:36', 18),
(187, 52, 22, '2019-11-25 16:51:14', 18),
(188, 52, 22, '2019-11-25 16:51:51', 18),
(189, 52, 21, '2019-11-25 16:52:29', 18),
(190, 52, 22, '2019-11-25 16:53:07', 18),
(191, 53, 22, '2019-11-25 16:53:45', 18),
(192, 52, 21, '2019-11-25 16:54:23', 18),
(193, 52, 22, '2019-11-25 16:55:01', 18),
(194, 50, 24, '2019-12-13 21:11:43', 18),
(195, 49, 24, '2019-12-13 21:12:21', 18),
(196, 47, 24, '2019-12-13 21:12:59', 18),
(197, 48, 24, '2019-12-13 21:13:37', 18),
(198, 48, 24, '2019-12-13 21:14:15', 18),
(199, 48, 24, '2019-12-13 21:14:53', 18),
(200, 48, 23, '2019-12-13 21:15:31', 18),
(201, 48, 23, '2019-12-13 21:16:11', 18),
(202, 50, 24, '2019-12-13 21:16:49', 18),
(203, 52, 24, '2019-12-13 21:17:26', 18),
(204, 52, 24, '2019-12-13 21:18:04', 18),
(205, 53, 25, '2019-12-13 21:18:42', 18),
(206, 50, 25, '2019-12-13 21:19:20', 18),
(207, 49, 25, '2019-12-13 21:19:58', 18),
(208, 50, 25, '2019-12-13 21:20:36', 18),
(209, 51, 25, '2019-12-13 21:21:14', 18),
(210, 49, 25, '2019-12-13 21:21:52', 18),
(211, 50, 25, '2019-12-13 21:22:30', 18),
(212, 50, 25, '2019-12-13 21:23:07', 18),
(213, 51, 25, '2019-12-13 21:23:45', 18),
(214, 50, 25, '2019-12-13 21:24:23', 18),
(215, 50, 25, '2019-12-13 21:25:01', 18),
(216, 52, 26, '2019-12-13 21:25:39', 18),
(217, 51, 25, '2019-12-13 21:26:17', 18),
(218, 45, 25, '2019-12-14 00:21:14', 18),
(219, 45, 25, '2019-12-14 00:21:52', 18),
(220, 49, 25, '2019-12-14 00:22:30', 18),
(221, 49, 25, '2019-12-14 00:23:07', 18),
(222, 49, 26, '2019-12-14 00:23:57', 18),
(223, 47, 25, '2019-12-14 00:25:14', 18),
(224, 45, 25, '2019-12-14 00:25:53', 18),
(225, 45, 25, '2019-12-14 00:26:32', 18),
(226, 49, 25, '2019-12-14 00:27:11', 18),
(227, 46, 24, '2019-12-14 00:27:50', 18),
(228, 49, 26, '2019-12-14 00:28:29', 18),
(229, 45, 25, '2019-12-14 00:30:25', 18),
(230, 45, 25, '2019-12-14 00:31:04', 18),
(231, 45, 24, '2019-12-14 00:31:42', 18),
(232, 45, 25, '2019-12-14 00:33:01', 18),
(233, 45, 25, '2019-12-14 00:33:40', 18),
(234, 49, 25, '2019-12-14 00:34:19', 18),
(235, 49, 25, '2019-12-14 00:34:57', 18),
(236, 45, 25, '2019-12-14 00:35:36', 18),
(237, 47, 25, '2019-12-14 00:36:15', 18),
(238, 47, 25, '2019-12-14 00:36:54', 18),
(239, 49, 24, '2019-12-14 00:37:32', 18),
(240, 44, 25, '2019-12-14 00:38:50', 18),
(241, 47, 25, '2019-12-14 00:39:28', 18),
(242, 48, 26, '2019-12-14 00:40:07', 18),
(243, 47, 25, '2019-12-14 00:40:46', 18),
(244, 48, 25, '2019-12-14 00:41:25', 18),
(245, 48, 24, '2019-12-14 00:42:04', 18),
(246, 48, 25, '2019-12-14 00:42:36', 18),
(247, 0, 0, '2019-12-14 00:43:13', 18),
(248, 47, 24, '2019-12-14 00:43:51', 18),
(249, 0, 0, '2019-12-14 13:17:32', 18),
(250, 0, 0, '2019-12-14 13:18:50', 18),
(251, 0, 0, '2019-12-14 13:19:51', 18),
(252, 39, 22, '2019-12-14 13:20:51', 18),
(253, 42, 22, '2019-12-14 13:21:40', 18),
(254, 35, 22, '2019-12-14 13:22:18', 18),
(255, 36, 22, '2019-12-14 13:22:56', 18),
(256, 35, 22, '2019-12-14 13:23:34', 18),
(257, 34, 21, '2019-12-14 13:24:12', 18),
(258, 0, 0, '2019-12-14 13:26:36', 18),
(259, 0, 0, '2019-12-14 13:27:36', 18),
(260, 0, 0, '2019-12-14 13:28:36', 18),
(261, 0, 0, '2019-12-14 13:29:37', 18),
(262, 0, 0, '2019-12-14 13:31:27', 18),
(263, 37, 23, '2019-12-14 13:32:28', 18),
(264, 0, 0, '2019-12-14 13:34:59', 18),
(265, 0, 0, '2019-12-14 13:36:00', 18),
(266, 0, 0, '2019-12-14 13:37:00', 18),
(267, 37, 23, '2019-12-14 14:26:08', 18),
(268, 37, 23, '2019-12-14 14:26:34', 18),
(269, 0, 0, '2019-12-14 14:27:00', 18),
(270, 32, 24, '2019-12-14 14:27:26', 18),
(271, 0, 0, '2019-12-14 14:27:51', 18),
(272, 0, 0, '2019-12-14 14:28:17', 18),
(273, 0, 0, '2019-12-14 14:28:43', 18),
(274, 0, 0, '2019-12-14 14:29:09', 18),
(275, 0, 0, '2019-12-14 14:29:35', 18),
(276, 0, 0, '2019-12-14 14:30:00', 18),
(277, 33, 24, '2019-12-14 14:30:26', 18),
(278, 32, 23, '2019-12-14 14:30:52', 18),
(279, 0, 0, '2019-12-14 14:31:18', 18),
(280, 0, 0, '2019-12-14 14:31:44', 18),
(281, 0, 0, '2019-12-14 14:32:10', 18),
(282, 0, 0, '2019-12-14 14:32:35', 18),
(283, 0, 0, '2019-12-14 14:33:01', 18),
(284, 41, 23, '2019-12-14 14:33:27', 18),
(285, 31, 24, '2019-12-14 14:33:53', 18),
(286, 0, 0, '2019-12-14 14:34:19', 18),
(287, 37, 24, '2019-12-14 14:35:04', 18),
(288, 0, 0, '2019-12-14 14:35:30', 18),
(289, 0, 0, '2019-12-14 14:35:55', 18),
(290, 31, 24, '2019-12-14 14:36:21', 18),
(291, 0, 0, '2019-12-14 14:36:47', 18),
(292, 0, 0, '2019-12-14 14:37:13', 18),
(293, 37, 23, '2019-12-14 14:37:41', 18),
(294, 34, 23, '2019-12-14 14:38:36', 18),
(295, 0, 0, '2019-12-14 14:38:53', 18),
(296, 32, 24, '2019-12-14 14:39:10', 18),
(297, 32, 24, '2019-12-14 14:39:27', 18),
(298, 32, 24, '2019-12-14 14:39:52', 18),
(299, 32, 24, '2019-12-14 14:40:17', 18),
(300, 0, 0, '2019-12-14 14:40:43', 18),
(301, 32, 24, '2019-12-14 14:41:08', 18),
(302, 31, 24, '2019-12-14 14:41:33', 18),
(303, 0, 0, '2019-12-14 14:42:10', 18),
(304, 0, 0, '2019-12-14 14:42:27', 18),
(305, 38, 24, '2019-12-14 14:43:13', 18),
(306, 0, 0, '2019-12-14 14:43:30', 18),
(307, 34, 24, '2019-12-14 14:43:47', 18),
(308, 0, 0, '2019-12-14 16:40:04', 18),
(309, 0, 0, '2019-12-14 16:40:27', 18),
(310, 0, 0, '2019-12-14 16:41:05', 18),
(311, 0, 0, '2019-12-14 16:42:01', 18),
(312, 0, 0, '2019-12-14 16:42:39', 18),
(313, 0, 0, '2019-12-14 16:43:17', 18),
(314, 0, 0, '2019-12-14 16:43:54', 18),
(315, 0, 0, '2019-12-14 16:44:32', 18),
(316, 0, 0, '2019-12-14 16:45:10', 18),
(317, 33, 24, '2019-12-14 16:47:44', 18),
(318, 0, 0, '2019-12-14 18:14:19', 18),
(319, 38, 23, '2019-12-14 18:14:57', 18),
(320, 38, 23, '2019-12-14 18:15:34', 18),
(321, 39, 23, '2019-12-14 18:16:12', 18),
(322, 38, 23, '2019-12-14 18:16:50', 18),
(323, 38, 23, '2019-12-14 18:17:27', 18),
(324, 39, 23, '2019-12-14 18:18:23', 18),
(325, 39, 23, '2019-12-14 18:19:01', 18),
(326, 0, 0, '2019-12-14 18:54:13', 18),
(327, 0, 0, '2019-12-14 18:54:51', 18),
(328, 0, 0, '2019-12-14 18:55:28', 18),
(329, 0, 0, '2019-12-14 18:56:02', 18),
(330, 39, 24, '2019-12-14 18:56:40', 18),
(331, 38, 23, '2019-12-14 18:57:18', 18),
(332, 39, 23, '2019-12-14 18:57:55', 18),
(333, 40, 22, '2019-12-14 18:58:33', 18),
(334, 41, 22, '2019-12-14 18:59:13', 18),
(335, 47, 21, '2019-12-15 17:36:11', 18),
(336, 47, 21, '2019-12-15 17:36:49', 18),
(337, 47, 21, '2019-12-15 17:37:27', 18),
(338, 47, 21, '2019-12-15 17:38:04', 18),
(339, 0, 0, '2019-12-15 17:38:42', 18),
(340, 47, 21, '2019-12-15 17:39:20', 18),
(341, 47, 21, '2019-12-15 17:39:57', 18),
(342, 47, 21, '2019-12-15 17:40:55', 18),
(343, 47, 21, '2019-12-15 17:41:33', 18),
(344, 48, 22, '2019-12-15 17:42:11', 18),
(345, 48, 22, '2019-12-15 17:42:48', 18),
(346, 0, 0, '2019-12-15 17:43:26', 18),
(347, 0, 0, '2019-12-15 17:44:04', 18),
(348, 0, 0, '2019-12-15 17:44:41', 18),
(349, 0, 0, '2019-12-15 17:45:19', 18),
(350, 0, 0, '2019-12-15 17:45:57', 18),
(351, 0, 0, '2019-12-15 17:46:34', 18),
(352, 0, 0, '2019-12-15 17:47:12', 18),
(353, 0, 0, '2019-12-15 17:47:50', 18),
(354, 0, 0, '2019-12-15 17:48:43', 18),
(355, 48, 22, '2019-12-15 17:48:51', 18),
(356, 48, 22, '2019-12-15 17:49:00', 18),
(357, 48, 22, '2019-12-15 17:49:25', 18),
(358, 48, 22, '2019-12-15 17:49:50', 18),
(359, 48, 22, '2019-12-15 17:50:15', 18),
(360, 48, 22, '2019-12-15 17:50:40', 18),
(361, 48, 22, '2019-12-15 17:51:05', 18),
(362, 48, 22, '2019-12-15 17:51:30', 18),
(363, 48, 22, '2019-12-15 17:51:56', 18),
(364, 48, 22, '2019-12-15 17:52:21', 18),
(365, 48, 22, '2019-12-15 17:52:46', 18),
(366, 48, 22, '2019-12-15 17:53:11', 18),
(367, 48, 22, '2019-12-15 17:53:36', 18),
(368, 48, 22, '2019-12-15 17:54:01', 18),
(369, 0, 0, '2019-12-15 17:55:43', 18),
(370, 50, 22, '2019-12-15 17:56:44', 18),
(371, 50, 22, '2019-12-15 17:57:44', 18),
(372, 50, 22, '2019-12-15 17:58:44', 18),
(373, 49, 21, '2019-12-15 17:59:44', 18),
(374, 51, 22, '2019-12-15 18:00:44', 18),
(375, 51, 22, '2019-12-15 18:01:44', 18),
(376, 51, 22, '2019-12-15 18:03:11', 18),
(377, 49, 22, '2019-12-15 18:04:11', 18),
(378, 49, 22, '2019-12-15 18:05:11', 18),
(379, 49, 22, '2019-12-15 18:06:11', 18),
(380, 50, 22, '2019-12-15 18:07:11', 18),
(381, 51, 22, '2019-12-15 18:08:11', 18),
(382, 51, 22, '2019-12-15 18:09:11', 18),
(383, 51, 21, '2019-12-15 18:10:11', 18),
(384, 53, 22, '2019-12-15 18:11:11', 18),
(385, 51, 22, '2019-12-15 18:24:00', 18),
(386, 51, 22, '2019-12-15 18:25:00', 18),
(387, 51, 22, '2019-12-15 18:26:00', 18),
(388, 51, 22, '2019-12-15 18:27:00', 18),
(389, 51, 22, '2019-12-15 18:28:00', 18),
(390, 46, 22, '2019-12-15 18:29:00', 18),
(391, 46, 22, '2019-12-15 18:30:00', 18),
(392, 46, 22, '2019-12-15 18:31:00', 18),
(393, 45, 21, '2019-12-15 18:32:00', 18),
(394, 43, 21, '2019-12-15 18:33:00', 18),
(395, 43, 21, '2019-12-15 18:34:00', 18),
(396, 44, 21, '2019-12-15 18:35:00', 18),
(397, 43, 21, '2019-12-15 18:36:00', 18),
(398, 44, 21, '2019-12-15 18:37:00', 18),
(399, 44, 21, '2019-12-15 18:38:00', 18),
(400, 43, 21, '2019-12-15 18:39:00', 18),
(401, 43, 21, '2019-12-15 18:40:00', 18),
(402, 43, 21, '2019-12-15 18:41:00', 18),
(403, 48, 21, '2019-12-15 18:42:00', 18),
(404, 51, 21, '2019-12-15 18:43:00', 18),
(405, 52, 22, '2019-12-15 18:44:08', 18),
(406, 53, 22, '2019-12-15 18:45:08', 18),
(407, 53, 22, '2019-12-15 18:46:08', 18),
(408, 55, 22, '2019-12-15 18:47:08', 18),
(409, 55, 22, '2019-12-15 18:48:08', 18),
(410, 50, 23, '2019-12-15 21:32:44', 18),
(411, 50, 23, '2019-12-15 21:33:44', 18),
(412, 50, 23, '2019-12-15 21:34:44', 18),
(413, 50, 23, '2019-12-15 21:35:44', 18),
(414, 51, 23, '2019-12-15 21:36:44', 18),
(415, 50, 23, '2019-12-15 21:37:44', 18),
(416, 50, 23, '2019-12-15 21:38:44', 18),
(417, 51, 23, '2019-12-15 21:39:44', 18),
(418, 50, 23, '2019-12-15 21:49:41', 18),
(419, 49, 23, '2019-12-15 21:50:41', 18),
(420, 50, 23, '2019-12-15 21:51:41', 18),
(421, 50, 23, '2019-12-15 21:52:41', 18),
(422, 50, 23, '2019-12-15 21:54:19', 18),
(423, 50, 23, '2019-12-15 21:55:17', 18),
(424, 50, 23, '2019-12-15 21:56:19', 18),
(425, 51, 23, '2019-12-15 21:57:53', 18),
(426, 51, 23, '2019-12-15 21:58:53', 18),
(427, 0, 0, '2019-12-15 21:59:53', 18),
(428, 0, 0, '2019-12-15 22:00:53', 18),
(429, 51, 23, '2019-12-15 22:03:35', 18),
(430, 51, 23, '2019-12-15 22:04:35', 18),
(431, 51, 23, '2019-12-15 22:05:35', 18),
(432, 0, 0, '2019-12-15 22:06:35', 18),
(433, 51, 23, '2019-12-15 22:08:38', 18),
(434, 52, 23, '2019-12-15 22:09:38', 18),
(435, 49, 23, '2019-12-15 22:11:10', 18),
(436, 51, 23, '2019-12-15 22:12:49', 18),
(437, 51, 23, '2019-12-15 22:15:21', 18),
(438, 50, 23, '2019-12-15 22:16:35', 18),
(439, 50, 23, '2019-12-15 22:17:35', 18),
(440, 0, 0, '2019-12-15 22:18:35', 18),
(441, 0, 0, '2019-12-15 22:19:35', 18),
(442, 0, 0, '2019-12-15 22:20:35', 18),
(443, 0, 0, '2019-12-15 22:21:35', 18),
(444, 0, 0, '2019-12-15 22:22:35', 18),
(445, 0, 0, '2019-12-15 22:23:35', 18),
(446, 50, 23, '2019-12-15 22:43:06', 18),
(447, 0, 0, '2019-12-15 22:44:57', 18),
(448, 50, 23, '2019-12-15 22:46:56', 18),
(449, 50, 23, '2019-12-15 22:47:56', 18),
(450, 0, 0, '2019-12-15 22:48:56', 18),
(451, 0, 0, '2019-12-15 22:49:56', 18),
(452, 0, 0, '2019-12-15 23:16:55', 18),
(453, 0, 0, '2019-12-15 23:17:55', 18),
(454, 0, 0, '2019-12-15 23:18:55', 18),
(455, 51, 23, '2019-12-15 23:19:55', 18),
(456, 0, 0, '2019-12-15 23:20:55', 18),
(457, 0, 0, '2019-12-15 23:21:55', 18),
(458, 51, 23, '2019-12-15 23:22:55', 18),
(459, 51, 23, '2019-12-15 23:23:55', 18),
(460, 51, 23, '2019-12-15 23:25:47', 18),
(461, 51, 23, '2019-12-15 23:26:47', 18),
(462, 51, 23, '2019-12-15 23:27:47', 18),
(463, 51, 23, '2019-12-15 23:28:47', 18),
(464, 51, 23, '2019-12-15 23:29:47', 18),
(465, 51, 23, '2019-12-15 23:31:37', 18),
(466, 51, 23, '2019-12-15 23:32:37', 18),
(467, 51, 23, '2019-12-15 23:33:37', 18),
(468, 51, 23, '2019-12-15 23:35:21', 18),
(469, 51, 23, '2019-12-15 23:36:21', 18),
(470, 51, 23, '2019-12-15 23:37:21', 18),
(471, 51, 23, '2019-12-15 23:38:21', 18),
(472, 51, 23, '2019-12-15 23:40:53', 18),
(473, 51, 23, '2019-12-15 23:42:13', 18),
(474, 51, 23, '2019-12-15 23:43:13', 18),
(475, 51, 23, '2019-12-15 23:46:23', 18),
(476, 51, 23, '2019-12-15 23:47:23', 18),
(477, 51, 23, '2019-12-15 23:48:23', 18),
(478, 51, 23, '2019-12-15 23:54:59', 18),
(479, 51, 23, '2019-12-15 23:56:48', 18),
(480, 51, 23, '2019-12-15 23:57:48', 18),
(481, 51, 23, '2019-12-15 23:58:48', 18),
(482, 51, 23, '2019-12-15 23:59:48', 18),
(483, 51, 23, '2019-12-16 00:01:31', 18),
(484, 39, 23, '2019-12-16 10:17:59', 18),
(485, 39, 23, '2019-12-16 10:18:58', 18),
(486, 40, 23, '2019-12-16 10:19:59', 18),
(487, 40, 20, '2020-01-01 10:00:00', 18),
(488, 42, 20, '2020-01-01 10:00:00', 19),
(489, 43, 21, '2020-01-02 11:00:00', 18),
(490, 45, 21, '2020-01-02 11:00:00', 19),
(491, 42, 22, '2020-01-03 12:00:00', 18),
(492, 47, 22, '2020-01-03 12:00:00', 19),
(493, 35, 27, '2020-01-04 13:00:00', 18),
(494, 37, 27, '2020-01-04 13:00:00', 19),
(495, 55, 28, '2020-01-05 14:00:00', 18),
(496, 57, 28, '2020-01-05 14:00:00', 19),
(497, 53, 29, '2020-01-06 15:00:00', 18),
(498, 55, 29, '2020-01-06 15:00:00', 19),
(499, 57, 25, '2020-01-07 16:00:00', 18),
(500, 59, 25, '2020-01-07 16:00:00', 19),
(501, 46, 24, '2020-01-08 17:00:00', 18),
(502, 48, 24, '2020-01-08 17:00:00', 19),
(503, 45, 23, '2020-01-09 18:00:00', 18),
(504, 47, 23, '2020-01-09 18:00:00', 19),
(505, 45, 22, '2020-01-09 23:00:01', 18),
(506, 49, 22, '2020-01-09 23:00:01', 19),
(507, 40, 23, '2020-01-10 00:00:00', 18),
(508, 42, 23, '2020-01-10 00:00:00', 19),
(509, 43, 22, '2020-01-10 01:00:00', 18),
(510, 45, 22, '2020-01-10 01:00:00', 19),
(511, 46, 22, '2020-01-10 02:00:00', 18),
(512, 48, 22, '2020-01-10 02:00:00', 19),
(513, 42, 23, '2020-01-10 03:00:00', 18),
(514, 44, 23, '2020-01-10 03:00:00', 19),
(515, 37, 24, '2020-01-10 04:00:00', 18),
(516, 39, 24, '2020-01-10 04:00:00', 19),
(517, 35, 25, '2020-01-10 05:00:00', 18),
(518, 37, 25, '2020-01-10 05:00:00', 19),
(519, 37, 26, '2020-01-10 06:00:00', 18),
(520, 39, 26, '2020-01-10 06:00:00', 19),
(521, 39, 25, '2020-01-10 07:00:00', 18),
(522, 41, 25, '2020-01-10 07:00:00', 19),
(523, 41, 24, '2020-01-10 08:00:00', 18),
(524, 43, 24, '2020-01-10 08:00:00', 19),
(525, 43, 23, '2020-01-10 09:00:00', 18),
(526, 45, 23, '2020-01-10 09:00:00', 19),
(527, 48, 24, '2020-01-10 10:00:00', 18),
(528, 45, 24, '2020-01-10 10:00:00', 19),
(529, 50, 25, '2020-01-10 11:00:00', 18),
(530, 52, 25, '2020-01-10 11:00:00', 19),
(531, 55, 26, '2020-01-10 12:00:00', 18),
(532, 57, 26, '2020-01-10 12:00:00', 19),
(533, 51, 25, '2020-01-10 13:00:00', 18),
(534, 53, 25, '2020-01-10 13:00:00', 19),
(535, 48, 24, '2020-01-10 14:00:00', 18),
(536, 50, 24, '2020-01-10 14:00:00', 19),
(537, 49, 23, '2020-01-10 15:00:00', 18),
(538, 51, 23, '2020-01-10 15:00:00', 19),
(539, 43, 23, '2020-01-10 16:00:00', 18),
(540, 45, 23, '2020-01-10 16:00:00', 19),
(541, 44, 23, '2020-01-10 17:00:00', 18),
(542, 46, 23, '2020-01-10 17:00:00', 19),
(543, 44, 23, '2020-01-10 18:00:00', 18),
(544, 46, 23, '2020-01-10 18:00:00', 19),
(545, 44, 22, '2020-01-10 19:00:00', 18),
(546, 46, 22, '2020-01-10 19:00:00', 19),
(547, 41, 23, '2020-01-10 20:00:00', 18),
(548, 43, 23, '2020-01-10 20:00:00', 19),
(549, 37, 24, '2020-01-10 21:00:00', 18),
(550, 39, 24, '2020-01-10 21:00:00', 19),
(551, 33, 25, '2020-01-10 22:00:00', 18),
(552, 35, 25, '2020-01-10 22:00:00', 19),
(553, 39, 22, '2020-01-10 22:59:59', 18),
(554, 41, 22, '2020-01-10 22:59:59', 19);

-- --------------------------------------------------------

--
-- Struktura tabeli dla tabeli `mq7`
--

CREATE TABLE `mq7` (
  `ID` bigint(20) NOT NULL,
  `ppm` float DEFAULT NULL,
  `date` timestamp NOT NULL DEFAULT CURRENT_TIMESTAMP,
  `user_id` int(11) NOT NULL DEFAULT '18'
) ENGINE=InnoDB DEFAULT CHARSET=utf8 COLLATE=utf8_polish_ci;

--
-- Zrzut danych tabeli `mq7`
--

INSERT INTO `mq7` (`ID`, `ppm`, `date`, `user_id`) VALUES
(25, 1.61, '2019-11-22 23:09:17', 18),
(26, 3.54, '2019-11-22 23:09:55', 18),
(27, 1.21, '2019-11-22 23:10:33', 18),
(28, 1.14, '2019-11-22 23:11:11', 18),
(29, 1.4, '2019-11-22 23:11:49', 18),
(30, 1.54, '2019-11-22 23:12:27', 18),
(31, 2.15, '2019-11-22 23:13:05', 18),
(32, 1.03, '2019-11-22 23:13:43', 18),
(33, 1.34, '2019-11-22 23:14:20', 18),
(34, 1.27, '2019-11-22 23:14:58', 18),
(35, 77.16, '2019-11-24 23:55:01', 18),
(36, 3.64, '2019-11-24 23:55:39', 18),
(37, 2.07, '2019-11-24 23:56:17', 18),
(38, 2.23, '2019-11-24 23:56:54', 18),
(39, 1.54, '2019-11-24 23:57:32', 18),
(40, 1.03, '2019-11-24 23:58:10', 18),
(41, 1.34, '2019-11-24 23:58:48', 18),
(42, 1.14, '2019-11-24 23:59:26', 18),
(43, 1.14, '2019-11-25 00:00:04', 18),
(44, 1.34, '2019-11-25 00:00:42', 18),
(45, 1.83, '2019-11-25 00:01:20', 18),
(46, 1.14, '2019-11-25 00:01:58', 18),
(47, 1.14, '2019-11-25 00:27:33', 18),
(48, 1.61, '2019-11-25 00:28:10', 18),
(49, 1.14, '2019-11-25 00:30:41', 18),
(50, 4.53, '2019-11-25 00:31:19', 18),
(51, 24.6, '2019-11-25 08:34:38', 18),
(52, 2.94, '2019-11-25 08:35:16', 18),
(53, 1.91, '2019-11-25 08:35:54', 18),
(54, 1.61, '2019-11-25 08:36:32', 18),
(55, 1.76, '2019-11-25 08:37:10', 18),
(56, 1.68, '2019-11-25 08:37:48', 18),
(57, 1.76, '2019-11-25 08:38:26', 18),
(58, 1.68, '2019-11-25 08:39:04', 18),
(59, 1.27, '2019-11-25 08:39:41', 18),
(60, 1.4, '2019-11-25 08:40:19', 18),
(61, 1.99, '2019-11-25 08:40:57', 18),
(62, 1.61, '2019-11-25 08:41:35', 18),
(63, 1.34, '2019-11-25 08:42:13', 18),
(64, 1.61, '2019-11-25 08:42:51', 18),
(65, 1.61, '2019-11-25 08:43:29', 18),
(66, 1.54, '2019-11-25 08:44:07', 18),
(67, 1.61, '2019-11-25 08:44:45', 18),
(68, 342.38, '2019-11-25 16:27:55', 18),
(69, 66.88, '2019-11-25 16:28:33', 18),
(70, 2.85, '2019-11-25 16:29:26', 18),
(71, 2.94, '2019-11-25 16:30:04', 18),
(72, 2.57, '2019-11-25 16:30:42', 18),
(73, 2.23, '2019-11-25 16:31:20', 18),
(74, 1.99, '2019-11-25 16:31:58', 18),
(75, 2.49, '2019-11-25 16:32:36', 18),
(76, 2.57, '2019-11-25 16:33:14', 18),
(77, 2.57, '2019-11-25 16:33:51', 18),
(78, 2.49, '2019-11-25 16:34:29', 18),
(79, 1.91, '2019-11-25 16:35:07', 18),
(80, 2.4, '2019-11-25 16:35:45', 18),
(81, 2.75, '2019-11-25 16:36:23', 18),
(82, 2.4, '2019-11-25 16:37:01', 18),
(83, 1.61, '2019-11-25 16:37:39', 18),
(84, 2.15, '2019-11-25 16:38:17', 18),
(85, 2.49, '2019-11-25 16:38:55', 18),
(86, 2.15, '2019-11-25 16:39:32', 18),
(87, 2.31, '2019-11-25 16:40:10', 18),
(88, 2.31, '2019-11-25 16:40:48', 18),
(89, 2.31, '2019-11-25 16:41:26', 18),
(90, 4.42, '2019-11-25 16:42:04', 18),
(91, 2.49, '2019-11-25 16:42:42', 18),
(92, 2.49, '2019-11-25 16:43:20', 18),
(93, 2.49, '2019-11-25 16:43:58', 18),
(94, 2.66, '2019-11-25 16:44:36', 18),
(95, 2.15, '2019-11-25 16:45:13', 18),
(96, 2.66, '2019-11-25 16:45:51', 18),
(97, 2.85, '2019-11-25 16:46:29', 18),
(98, 2.49, '2019-11-25 16:47:07', 18),
(99, 3.23, '2019-11-25 16:47:45', 18),
(100, 2.4, '2019-11-25 16:48:23', 18),
(101, 2.57, '2019-11-25 16:49:01', 18),
(102, 5.78, '2019-11-25 16:49:39', 18),
(103, 3.64, '2019-11-25 16:50:17', 18),
(104, 4.08, '2019-11-25 16:50:54', 18),
(105, 2.23, '2019-11-25 16:51:32', 18),
(106, 2.49, '2019-11-25 16:52:10', 18),
(107, 2.15, '2019-11-25 16:52:48', 18),
(108, 2.57, '2019-11-25 16:53:26', 18),
(109, 2.66, '2019-11-25 16:54:04', 18),
(110, 2.66, '2019-11-25 16:54:42', 18),
(111, 10.65, '2019-12-13 21:12:02', 18),
(112, 11.97, '2019-12-13 21:12:40', 18),
(113, 11.77, '2019-12-13 21:13:18', 18),
(114, 9.24, '2019-12-13 21:13:56', 18),
(115, 11.02, '2019-12-13 21:14:34', 18),
(116, 10.29, '2019-12-13 21:15:11', 18),
(117, 9.93, '2019-12-13 21:15:51', 18),
(118, 10.47, '2019-12-13 21:16:29', 18),
(119, 10.65, '2019-12-13 21:17:07', 18),
(120, 9.58, '2019-12-13 21:17:45', 18),
(121, 11.77, '2019-12-13 21:18:23', 18),
(122, 10.65, '2019-12-13 21:19:01', 18),
(123, 9.41, '2019-12-13 21:19:39', 18),
(124, 10.47, '2019-12-13 21:20:17', 18),
(125, 9.58, '2019-12-13 21:20:55', 18),
(126, 10.11, '2019-12-13 21:21:33', 18),
(127, 9.24, '2019-12-13 21:22:10', 18),
(128, 9.58, '2019-12-13 21:22:48', 18),
(129, 10.11, '2019-12-13 21:23:26', 18),
(130, 9.93, '2019-12-13 21:24:04', 18),
(131, 9.76, '2019-12-13 21:24:42', 18),
(132, 10.11, '2019-12-13 21:25:20', 18),
(133, 9.76, '2019-12-13 21:25:58', 18),
(134, 23.44, '2019-12-14 00:21:32', 18),
(135, 27.67, '2019-12-14 00:22:10', 18),
(136, 27.35, '2019-12-14 00:22:48', 18),
(137, 27.35, '2019-12-14 00:24:15', 18),
(138, 23.73, '2019-12-14 00:25:33', 18),
(139, 22.59, '2019-12-14 00:26:12', 18),
(140, 25.2, '2019-12-14 00:26:51', 18),
(141, 28.95, '2019-12-14 00:27:30', 18),
(142, 22.59, '2019-12-14 00:28:08', 18),
(143, 24.9, '2019-12-14 00:28:47', 18),
(144, 24.9, '2019-12-14 00:29:26', 18),
(145, 27.35, '2019-12-14 00:30:05', 18),
(146, 25.8, '2019-12-14 00:30:43', 18),
(147, 22.59, '2019-12-14 00:31:22', 18),
(148, 21.21, '2019-12-14 00:32:01', 18),
(149, 22.31, '2019-12-14 00:32:40', 18),
(150, 24.31, '2019-12-14 00:33:20', 18),
(151, 35.21, '2019-12-14 00:33:58', 18),
(152, 26.72, '2019-12-14 00:34:37', 18),
(153, 21.76, '2019-12-14 00:35:16', 18),
(154, 25.8, '2019-12-14 00:35:55', 18),
(155, 25.2, '2019-12-14 00:36:34', 18),
(156, 22.59, '2019-12-14 00:37:51', 18),
(157, 23.44, '2019-12-14 00:39:08', 18),
(158, 33.4, '2019-12-14 00:39:47', 18),
(159, 23.44, '2019-12-14 00:40:26', 18),
(160, 24.6, '2019-12-14 00:41:05', 18),
(161, 25.5, '2019-12-14 00:41:44', 18),
(162, 24.9, '2019-12-14 00:42:54', 18),
(163, 24.31, '2019-12-14 00:43:32', 18),
(164, 26.72, '2019-12-14 00:44:10', 18),
(165, 15.76, '2019-12-14 13:19:08', 18),
(166, 12.76, '2019-12-14 13:20:08', 18),
(167, 8.74, '2019-12-14 13:21:08', 18),
(168, 13.37, '2019-12-14 13:21:59', 18),
(169, 7.79, '2019-12-14 13:22:37', 18),
(170, 7.94, '2019-12-14 13:23:15', 18),
(171, 8.1, '2019-12-14 13:23:53', 18),
(172, 7.18, '2019-12-14 13:24:31', 18),
(173, 8.58, '2019-12-14 13:26:53', 18),
(174, 7.79, '2019-12-14 13:27:53', 18),
(175, 8.1, '2019-12-14 13:28:53', 18),
(176, 7.04, '2019-12-14 13:29:54', 18),
(177, 8.26, '2019-12-14 13:31:44', 18),
(178, 8.26, '2019-12-14 13:32:45', 18),
(179, 8.1, '2019-12-14 13:35:08', 18),
(180, 8.1, '2019-12-14 13:36:08', 18),
(181, 8.1, '2019-12-14 13:37:09', 18),
(182, 18.37, '2019-12-14 14:26:42', 18),
(183, 19.37, '2019-12-14 14:27:08', 18),
(184, 18.37, '2019-12-14 14:27:34', 18),
(185, 17.15, '2019-12-14 14:28:00', 18),
(186, 16.91, '2019-12-14 14:28:26', 18),
(187, 21.21, '2019-12-14 14:28:52', 18),
(188, 17.39, '2019-12-14 14:29:17', 18),
(189, 24.6, '2019-12-14 14:29:43', 18),
(190, 17.88, '2019-12-14 14:30:09', 18),
(191, 14.86, '2019-12-14 14:30:35', 18),
(192, 15.31, '2019-12-14 14:31:01', 18),
(193, 16.68, '2019-12-14 14:31:26', 18),
(194, 15.98, '2019-12-14 14:31:52', 18),
(195, 15.08, '2019-12-14 14:32:18', 18),
(196, 18.62, '2019-12-14 14:32:44', 18),
(197, 22.03, '2019-12-14 14:33:10', 18),
(198, 15.76, '2019-12-14 14:33:36', 18),
(199, 14.86, '2019-12-14 14:34:01', 18),
(200, 15.08, '2019-12-14 14:34:27', 18),
(201, 15.76, '2019-12-14 14:35:12', 18),
(202, 15.08, '2019-12-14 14:35:38', 18),
(203, 15.31, '2019-12-14 14:36:04', 18),
(204, 15.98, '2019-12-14 14:36:30', 18),
(205, 17.39, '2019-12-14 14:36:56', 18),
(206, 22.59, '2019-12-14 14:39:02', 18),
(207, 24.02, '2019-12-14 14:39:44', 18),
(208, 15.31, '2019-12-14 14:40:09', 18),
(209, 14.86, '2019-12-14 14:40:34', 18),
(210, 15.98, '2019-12-14 14:40:59', 18),
(211, 15.31, '2019-12-14 14:41:25', 18),
(212, 16.91, '2019-12-14 14:41:50', 18),
(213, 16.45, '2019-12-14 14:43:38', 18),
(214, 8.26, '2019-12-14 16:40:46', 18),
(215, 7.94, '2019-12-14 16:41:23', 18),
(216, 9.76, '2019-12-14 16:42:20', 18),
(217, 10.29, '2019-12-14 16:42:57', 18),
(218, 8.91, '2019-12-14 16:43:35', 18),
(219, 9.24, '2019-12-14 16:44:13', 18),
(220, 9.24, '2019-12-14 16:44:51', 18),
(221, 9.41, '2019-12-14 16:45:29', 18),
(222, 797.45, '2019-12-14 18:14:38', 18),
(223, 169.55, '2019-12-14 18:15:15', 18),
(224, 170.76, '2019-12-14 18:15:53', 18),
(225, 168.36, '2019-12-14 18:16:31', 18),
(226, 169.55, '2019-12-14 18:17:08', 18),
(227, 168.36, '2019-12-14 18:17:46', 18),
(228, 780.93, '2019-12-14 18:18:42', 18),
(229, 173.18, '2019-12-14 18:19:20', 18),
(230, 820.09, '2019-12-14 18:54:32', 18),
(231, 176.87, '2019-12-14 18:55:09', 18),
(232, 174.4, '2019-12-14 18:55:45', 18),
(233, 170.76, '2019-12-14 18:56:21', 18),
(234, 170.76, '2019-12-14 18:56:59', 18),
(235, 171.96, '2019-12-14 18:57:36', 18),
(236, 170.76, '2019-12-14 18:58:14', 18),
(237, 803.04, '2019-12-14 18:59:31', 18),
(238, 8.65, '2019-12-15 17:36:30', 18),
(239, 1.85, '2019-12-15 17:37:08', 18),
(240, 1.84, '2019-12-15 17:37:45', 18),
(241, 1.81, '2019-12-15 17:38:23', 18),
(242, 1.8, '2019-12-15 17:39:01', 18),
(243, 1.77, '2019-12-15 17:39:38', 18),
(244, 1.77, '2019-12-15 17:40:16', 18),
(245, 8.07, '2019-12-15 17:41:14', 18),
(246, 1.75, '2019-12-15 17:41:52', 18),
(247, 1.72, '2019-12-15 17:42:29', 18),
(248, 1.71, '2019-12-15 17:43:07', 18),
(249, 1.7, '2019-12-15 17:43:45', 18),
(250, 1.71, '2019-12-15 17:44:22', 18),
(251, 1.69, '2019-12-15 17:45:00', 18),
(252, 1.7, '2019-12-15 17:45:38', 18),
(253, 1.69, '2019-12-15 17:46:15', 18),
(254, 1.7, '2019-12-15 17:46:53', 18),
(255, 1.7, '2019-12-15 17:47:31', 18),
(256, 1.7, '2019-12-15 17:48:08', 18),
(257, 1.69, '2019-12-15 17:49:17', 18),
(258, 1.7, '2019-12-15 17:49:42', 18),
(259, 1.66, '2019-12-15 17:50:07', 18),
(260, 1.67, '2019-12-15 17:50:32', 18),
(261, 1.67, '2019-12-15 17:50:57', 18),
(262, 1.65, '2019-12-15 17:51:22', 18),
(263, 1.69, '2019-12-15 17:51:47', 18),
(264, 1.67, '2019-12-15 17:52:12', 18),
(265, 1.67, '2019-12-15 17:52:37', 18),
(266, 1.66, '2019-12-15 17:53:02', 18),
(267, 1.67, '2019-12-15 17:53:27', 18),
(268, 1.66, '2019-12-15 17:53:53', 18),
(269, 1.67, '2019-12-15 17:54:18', 18),
(270, 1.65, '2019-12-15 17:56:00', 18),
(271, 1.66, '2019-12-15 17:57:01', 18),
(272, 1, '2019-12-15 17:58:04', 18),
(273, 0.78, '2019-12-15 17:59:06', 18),
(274, 0.68, '2019-12-15 18:00:08', 18),
(275, 0.67, '2019-12-15 18:01:10', 18),
(276, 8.29, '2019-12-15 18:03:28', 18),
(277, 1.79, '2019-12-15 18:04:29', 18),
(278, 1.79, '2019-12-15 18:05:31', 18),
(279, 1.77, '2019-12-15 18:06:33', 18),
(280, 1.77, '2019-12-15 18:07:35', 18),
(281, 1.77, '2019-12-15 18:08:37', 18),
(282, 1.76, '2019-12-15 18:09:39', 18),
(283, 1.76, '2019-12-15 18:10:41', 18),
(284, 8.07, '2019-12-15 18:13:09', 18),
(285, 1.76, '2019-12-15 18:14:10', 18),
(286, 1.75, '2019-12-15 18:15:11', 18),
(287, 1.75, '2019-12-15 18:16:13', 18),
(288, 1.76, '2019-12-15 18:17:15', 18),
(289, 8.29, '2019-12-15 18:19:39', 18),
(290, 1.76, '2019-12-15 18:20:40', 18),
(291, 1.75, '2019-12-15 18:21:41', 18),
(292, 8.23, '2019-12-15 18:24:17', 18),
(293, 1.77, '2019-12-15 18:25:18', 18),
(294, 1.75, '2019-12-15 18:26:20', 18),
(295, 1.75, '2019-12-15 18:27:22', 18),
(296, 1.77, '2019-12-15 18:28:24', 18),
(297, 1.8, '2019-12-15 18:29:26', 18),
(298, 1.82, '2019-12-15 18:30:28', 18),
(299, 1.81, '2019-12-15 18:31:30', 18),
(300, 1.84, '2019-12-15 18:32:32', 18),
(301, 1.84, '2019-12-15 18:33:34', 18),
(302, 1.89, '2019-12-15 18:34:36', 18),
(303, 1.89, '2019-12-15 18:35:38', 18),
(304, 1.88, '2019-12-15 18:36:40', 18),
(305, 1.89, '2019-12-15 18:37:42', 18),
(306, 1.9, '2019-12-15 18:38:44', 18),
(307, 1.89, '2019-12-15 18:39:46', 18),
(308, 1.86, '2019-12-15 18:40:48', 18),
(309, 1.84, '2019-12-15 18:41:50', 18),
(310, 1.81, '2019-12-15 18:42:52', 18),
(311, 8.29, '2019-12-15 18:44:25', 18),
(312, 1.76, '2019-12-15 18:45:26', 18),
(313, 1.76, '2019-12-15 18:46:28', 18),
(314, 1.76, '2019-12-15 18:47:30', 18),
(315, 1.75, '2019-12-15 18:48:32', 18),
(316, 8.71, '2019-12-15 21:33:01', 18),
(317, 1.84, '2019-12-15 21:34:02', 18),
(318, 1.81, '2019-12-15 21:35:04', 18),
(319, 1.76, '2019-12-15 21:36:06', 18),
(320, 1.75, '2019-12-15 21:37:08', 18),
(321, 1.74, '2019-12-15 21:38:10', 18),
(322, 1.74, '2019-12-15 21:39:12', 18),
(323, 1.7, '2019-12-15 21:40:14', 18),
(324, 8.29, '2019-12-15 21:49:58', 18),
(325, 1.77, '2019-12-15 21:50:59', 18),
(326, 1.75, '2019-12-15 21:52:01', 18),
(327, 1.77, '2019-12-15 21:54:35', 18),
(328, 1.67, '2019-12-15 21:55:37', 18),
(329, 1.66, '2019-12-15 21:58:10', 18),
(330, 1.66, '2019-12-15 21:59:13', 18),
(331, 1.42, '2019-12-15 22:00:13', 18),
(332, 1.28, '2019-12-15 22:01:15', 18),
(333, 1.67, '2019-12-15 22:03:51', 18),
(334, 1.65, '2019-12-15 22:04:51', 18),
(335, 1.65, '2019-12-15 22:05:53', 18),
(336, 1.41, '2019-12-15 22:06:55', 18),
(337, 1.64, '2019-12-15 22:08:55', 18),
(338, 1.65, '2019-12-15 22:09:56', 18),
(339, 1.65, '2019-12-15 22:11:27', 18),
(340, 1.65, '2019-12-15 22:13:06', 18),
(341, 1.64, '2019-12-15 22:16:52', 18),
(342, 1.64, '2019-12-15 22:17:53', 18),
(343, 1.4, '2019-12-15 22:18:55', 18),
(344, 1.27, '2019-12-15 22:19:57', 18),
(345, 1.21, '2019-12-15 22:20:59', 18),
(346, 1.19, '2019-12-15 22:22:01', 18),
(347, 1.16, '2019-12-15 22:23:03', 18),
(348, 1.17, '2019-12-15 22:24:06', 18),
(349, 1.82, '2019-12-15 22:43:23', 18),
(350, 1.74, '2019-12-15 22:45:14', 18),
(351, 1.71, '2019-12-15 22:47:13', 18),
(352, 1.69, '2019-12-15 22:48:14', 18),
(353, 1.43, '2019-12-15 22:49:16', 18),
(354, 1.29, '2019-12-15 22:50:18', 18),
(355, 1.84, '2019-12-15 23:17:12', 18),
(356, 1.9, '2019-12-15 23:18:15', 18),
(357, 1.76, '2019-12-15 23:19:16', 18),
(358, 1.48, '2019-12-15 23:20:18', 18),
(359, 1.33, '2019-12-15 23:21:20', 18),
(360, 1.25, '2019-12-15 23:22:22', 18),
(361, 1.22, '2019-12-15 23:23:24', 18),
(362, 1.67, '2019-12-15 23:26:04', 18),
(363, 1.69, '2019-12-15 23:27:05', 18),
(364, 1.43, '2019-12-15 23:28:07', 18),
(365, 1.29, '2019-12-15 23:29:09', 18),
(366, 1.24, '2019-12-15 23:30:11', 18),
(367, 1.65, '2019-12-15 23:31:51', 18),
(368, 1.43, '2019-12-15 23:32:53', 18),
(369, 1.29, '2019-12-15 23:33:55', 18),
(370, 1.54, '2019-12-15 23:35:25', 18),
(371, 1.31, '2019-12-15 23:36:26', 18),
(372, 1.22, '2019-12-15 23:37:28', 18),
(373, 1.18, '2019-12-15 23:38:30', 18),
(374, 2.63, '2019-12-15 23:42:16', 18),
(375, 2.27, '2019-12-15 23:43:18', 18),
(376, 4.65, '2019-12-15 23:46:26', 18),
(377, 4.03, '2019-12-15 23:47:28', 18),
(378, 3.86, '2019-12-15 23:48:30', 18),
(379, 4.71, '2019-12-15 23:55:02', 18),
(380, 4.68, '2019-12-15 23:56:50', 18),
(381, 4.03, '2019-12-15 23:57:53', 18),
(382, 3.8, '2019-12-15 23:58:55', 18),
(383, 3.74, '2019-12-15 23:59:57', 18),
(384, 4.19, '2019-12-16 00:01:33', 18),
(385, 6.01, '2019-12-16 10:18:01', 18),
(386, 3.15, '2019-12-16 10:19:03', 18),
(387, 0.7, '2020-01-01 10:00:00', 18),
(388, 1.5, '2020-01-01 10:00:00', 19),
(389, 10.5, '2020-01-02 11:00:00', 18),
(390, 4.7, '2020-01-02 11:00:00', 19),
(391, 0.4, '2020-01-03 12:00:00', 18),
(392, 8.2, '2020-01-03 12:00:00', 19),
(393, 6.6, '2020-01-04 13:00:00', 18),
(394, 6, '2020-01-04 13:00:00', 19),
(395, 10.5, '2020-01-05 14:00:00', 18),
(396, 8.8, '2020-01-05 14:00:00', 19),
(397, 9, '2020-01-06 15:00:00', 18),
(398, 5.5, '2020-01-06 15:00:00', 19),
(399, 9.6, '2020-01-07 16:00:00', 18),
(400, 7.6, '2020-01-07 16:00:00', 19),
(401, 9.7, '2020-01-08 17:00:00', 18),
(402, 5.9, '2020-01-08 17:00:00', 19),
(403, 9.3, '2020-01-09 18:00:00', 18),
(404, 3.3, '2020-01-09 18:00:00', 19),
(405, 6.4, '2020-01-09 23:00:01', 18),
(406, 9, '2020-01-09 23:00:01', 19),
(407, 5.5, '2020-01-10 00:00:00', 18),
(408, 9.2, '2020-01-10 00:00:00', 19),
(409, 6.2, '2020-01-10 01:00:00', 18),
(410, 2.4, '2020-01-10 01:00:00', 19),
(411, 7.7, '2020-01-10 02:00:00', 18),
(412, 6.5, '2020-01-10 02:00:00', 19),
(413, 10.3, '2020-01-10 03:00:00', 18),
(414, 0.2, '2020-01-10 03:00:00', 19),
(415, 6.5, '2020-01-10 04:00:00', 18),
(416, 1.2, '2020-01-10 04:00:00', 19),
(417, 1.4, '2020-01-10 05:00:00', 18),
(418, 9.4, '2020-01-10 05:00:00', 19),
(419, 1.8, '2020-01-10 06:00:00', 18),
(420, 2.4, '2020-01-10 06:00:00', 19),
(421, 8.7, '2020-01-10 07:00:00', 18),
(422, 6, '2020-01-10 07:00:00', 19),
(423, 3.5, '2020-01-10 08:00:00', 18),
(424, 3.7, '2020-01-10 08:00:00', 19),
(425, 9.6, '2020-01-10 09:00:00', 18),
(426, 7, '2020-01-10 09:00:00', 19),
(427, 0.8, '2020-01-10 10:00:00', 18),
(428, 3.1, '2020-01-10 10:00:00', 19),
(429, 1.9, '2020-01-10 11:00:00', 18),
(430, 3.6, '2020-01-10 11:00:00', 19),
(431, 8.2, '2020-01-10 12:00:00', 18),
(432, 4.2, '2020-01-10 12:00:00', 19),
(433, 5.6, '2020-01-10 13:00:00', 18),
(434, 9.9, '2020-01-10 13:00:00', 19),
(435, 0.3, '2020-01-10 14:00:00', 18),
(436, 4.4, '2020-01-10 14:00:00', 19),
(437, 3, '2020-01-10 15:00:00', 18),
(438, 8, '2020-01-10 15:00:00', 19),
(439, 6.8, '2020-01-10 16:00:00', 18),
(440, 6.3, '2020-01-10 16:00:00', 19),
(441, 3.4, '2020-01-10 17:00:00', 18),
(442, 10.2, '2020-01-10 17:00:00', 19),
(443, 5.3, '2020-01-10 18:00:00', 18),
(444, 5.4, '2020-01-10 18:00:00', 19),
(445, 3.5, '2020-01-10 19:00:00', 18),
(446, 4.1, '2020-01-10 19:00:00', 19),
(447, 9.3, '2020-01-10 20:00:00', 18),
(448, 10.2, '2020-01-10 20:00:00', 19),
(449, 10.6, '2020-01-10 21:00:00', 18),
(450, 8.5, '2020-01-10 21:00:00', 19),
(451, 2.8, '2020-01-10 22:00:00', 18),
(452, 7.6, '2020-01-10 22:00:00', 19),
(453, 5.1, '2020-01-10 22:59:59', 18),
(454, 5.7, '2020-01-10 22:59:59', 19);

-- --------------------------------------------------------

--
-- Struktura tabeli dla tabeli `users`
--

CREATE TABLE `users` (
  `id` int(6) UNSIGNED NOT NULL,
  `login` varchar(50) COLLATE utf8_polish_ci NOT NULL,
  `password` varchar(100) COLLATE utf8_polish_ci NOT NULL,
  `email` varchar(50) COLLATE utf8_polish_ci NOT NULL,
  `fName` varchar(30) COLLATE utf8_polish_ci DEFAULT NULL,
  `lName` varchar(30) COLLATE utf8_polish_ci DEFAULT NULL,
  `country` varchar(30) COLLATE utf8_polish_ci DEFAULT NULL,
  `town` varchar(40) COLLATE utf8_polish_ci DEFAULT NULL,
  `access` tinyint(1) NOT NULL
) ENGINE=InnoDB DEFAULT CHARSET=utf8 COLLATE=utf8_polish_ci;

--
-- Zrzut danych tabeli `users`
--

INSERT INTO `users` (`id`, `login`, `password`, `email`, `fName`, `lName`, `country`, `town`, `access`) VALUES
(1, 'admin', 'admin', 'admin@admin.pl', '', '', '', '', 0),
(3, 'aaaa', '$2y$10$RdvIjPm3D0c6MM8vgqqjE.8DScwQJVaHvi1y6qDxZRci/ZLLz3Rdm', 'aaa@aaa.pl', 'Wojciech', 'Tracz', 'Poland', 'osiosowice', 0),
(17, 'mmmm', '$2y$10$Sfhq87yxi9Y5sYR0nTpeQ.haiOCO/6LG4xIk9UjacJF24WRpDe8Xu', 'mmmm@mmmm.pl', 'Jan', 'Jakis', 'Poland', 'Polkowice', 1),
(18, 'Karolo', '$2y$10$dBhbOXixogl3m4AGatSEWOmH5JbkPSdxdAGX7yH1VadZb3AZgESw6', 'karol@wp.pl', 'Karol', 'Marciniak', 'Poland', 'Tychy', 1),
(19, 'Dawido', '$2y$10$bPYiANIPId4J8B6QHh6SOudiz4vPVPnHA8s1nNSxlwP5PGY5mE0pm', 'dawid@gmail.com', 'Dawid', 'Mudry', 'Poland', 'Gliwice', 1),
(20, 'Jawor', '$2y$10$gPqt5Ah3qO8o8ukdUEJaz.c86gux4H9SsfaA7o5yjVtTEA5ae5m9y', 'jawor@o2.pl', 'Jan', 'Jaworek', 'Poland', 'Katowice', 0),
(21, 'Grabol', '$2y$10$XRslVCasntkX.yp/XbIxm.vvp6tmMwBHfOGa7EMDTMKZIDm86yuKa', 'grab@tlen.pl', NULL, NULL, NULL, NULL, 0);

--
-- Indeksy dla zrzutw tabel
--

--
-- Indeksy dla tabeli `bmp180`
--
ALTER TABLE `bmp180`
  ADD PRIMARY KEY (`ID`);

--
-- Indeksy dla tabeli `dht11`
--
ALTER TABLE `dht11`
  ADD PRIMARY KEY (`ID`);

--
-- Indeksy dla tabeli `mq7`
--
ALTER TABLE `mq7`
  ADD PRIMARY KEY (`ID`);

--
-- Indeksy dla tabeli `users`
--
ALTER TABLE `users`
  ADD PRIMARY KEY (`id`);

--
-- AUTO_INCREMENT for dumped tables
--

--
-- AUTO_INCREMENT dla tabeli `bmp180`
--
ALTER TABLE `bmp180`
  MODIFY `ID` bigint(20) NOT NULL AUTO_INCREMENT, AUTO_INCREMENT=446;

--
-- AUTO_INCREMENT dla tabeli `dht11`
--
ALTER TABLE `dht11`
  MODIFY `ID` bigint(20) NOT NULL AUTO_INCREMENT, AUTO_INCREMENT=555;

--
-- AUTO_INCREMENT dla tabeli `mq7`
--
ALTER TABLE `mq7`
  MODIFY `ID` bigint(20) NOT NULL AUTO_INCREMENT, AUTO_INCREMENT=455;

--
-- AUTO_INCREMENT dla tabeli `users`
--
ALTER TABLE `users`
  MODIFY `id` int(6) UNSIGNED NOT NULL AUTO_INCREMENT, AUTO_INCREMENT=22;
COMMIT;

/*!40101 SET CHARACTER_SET_CLIENT=@OLD_CHARACTER_SET_CLIENT */;
/*!40101 SET CHARACTER_SET_RESULTS=@OLD_CHARACTER_SET_RESULTS */;
/*!40101 SET COLLATION_CONNECTION=@OLD_COLLATION_CONNECTION */;
